image_id_1,object_id_1,image_id_2,object_id_2,distance,occlusion,raw_distance,raw_occlusion
003b80fc0494a9f4,0,59de69c8213320c3,0,1,0,"1,1,1","0,0,0"
008cbce3d46712fa,0,b231bdef23821799,0,2,0,"2,2,2","0,0,0"
00a5b135f1c45885,0,d304a9fb41215671,0,1,0,"1,1,1","0,0,0"
017f4b2ee04c62b0,0,5c2db79d275ff2d3,0,2,0,"2,2,0","0,0,0"
019c9cdce96537df,0,c72fc756b0c767c2,0,0,0,"0,2,0","0,0,0"
01a865ae4297adb0,0,7df73a561658f3f4,0,2,0,"2,2,2","0,0,0"
01d5e87f51409a28,0,a4cf789b907f0086,0,1,0,"1,1,1","0,0,0"
023053d6f68a6d64,0,34acff30ff34f694,0,2,0,"2,2,2","0,0,0"
02478d38c2f00bfc,0,7b2689c9fedefc39,0,2,0,"2,1,2","0,0,0"
026ae7f3dd4f2967,0,469f6ea703d7a96d,0,1,0,"1,1,1","0,0,0"
02b12dcb07caae98,0,927f134f4310363e,0,1,0,"1,2,1","0,0,0"
0448987c2d13acb4,0,61fb4afccb825098,0,-1,0,"1,0,2","0,0,0"
0540103ceb7364db,0,2fcc3f94d084988e,0,2,0,"1,2,2","0,0,0"
05495b25ee5ddec2,0,b794828146abb53d,0,2,0,"2,2,2","0,0,0"
0556c18e95979e0a,0,dc00d91f52161b99,0,2,0,"2,2,2","0,0,0"
059eba6f7310c6b7,0,11de072bd21c40cf,0,2,0,"2,2,2","0,0,0"
0662bbf6e82a35d2,0,2811090b75cc07bd,0,1,0,"1,1,1","0,0,0"
072973953b1666bc,0,1d86856fa327dd58,0,1,0,"1,2,1","0,0,0"
075cc9d2bc6a5a80,0,68c830851d1e72d6,0,2,0,"2,2,2","0,0,0"
078ade2ad0a5f8d1,0,0f6a014b3fefd147,0,2,0,"2,2,2","0,0,0"
07befccb33cfec3b,0,cb0ac67c6e291b59,0,1,0,"1,1,1","0,0,0"
07ce9ca4c4cd8d22,0,d65757c371216938,0,2,0,"2,0,2","0,0,0"
087b78baf7acbe5d,0,4ad1b35b662b0a27,0,2,0,"2,2,2","0,0,0"
0a02b23ebd71d291,0,d768c366341751bd,0,0,0,"0,2,0","0,0,0"
0a5afc00fe17fb37,0,05732f1720b77aaa,0,1,0,"1,1,1","0,0,0"
0a6e495425534dcb,0,778788d654ca7f64,0,2,0,"2,2,2","0,0,0"
0aa3e40f5a466263,0,1b129cdabcb89c01,0,2,0,"0,2,2","0,0,0"
0c8ac096ebcf99aa,0,5b3351aa413cd890,0,1,0,"1,2,1","0,0,0"
0ca65bb254ffc5b9,0,dd1bac85ba10c765,0,2,0,"2,2,2","0,0,0"
0cbb73b784621346,0,4b89877766c7ba6b,0,2,0,"2,2,2","0,0,0"
0cd69eb3a65a7a8d,0,b022a650d1563945,0,2,0,"2,2,2","0,0,0"
0d3f5fcc3f0d0466,0,8ff957ff3c833e32,0,1,0,"1,1,1","0,0,0"
0dc9705c71c1c8c8,0,e15733d0fdc4166e,0,2,0,"2,2,2","0,0,0"
0dccddfcab250f77,0,ff40308cf0ee10de,0,0,0,"0,0,1","0,0,0"
0de204988288f220,0,f638230d53503319,0,1,0,"1,1,2","0,0,0"
0e7abb3b42e3cca5,0,9acfb5ea9ad013ca,0,1,0,"1,1,1","0,0,0"
0ed0b3c6c1927aa5,0,c466d14fee0cad01,0,1,0,"0,1,1","0,0,0"
0f16e03484806fb6,0,085abe5edb57c649,0,1,0,"1,1,1","0,0,0"
1067875701db83fc,0,7f69e0e31401a1d6,0,2,0,"2,1,2","0,0,0"
10f51207281e0598,0,00d7b4914b61ca2f,0,2,0,"2,2,2","0,0,0"
11048c9b52119ce5,0,76508fbf96157909,0,1,0,"1,2,1","0,0,0"
115c2b5ab2aaf63a,0,020ec8bcd42ccfd2,0,2,0,"2,2,2","0,0,0"
11888855d91b4388,0,c02deb941ee0c134,0,1,0,"1,1,1","0,0,0"
11b69b5bd8ffd394,0,fef808e059532172,0,0,0,"2,0,0","0,0,0"
11fd2fd5cd65fee8,0,798e7ac668dbbc12,0,2,0,"2,2,2","0,0,0"
128b8b6b00cf80c7,0,e4fd1b68ef2a44b6,0,2,0,"2,2,2","0,0,0"
12cc0058600c7c25,0,08478c91cc35bb3a,0,1,0,"1,1,1","0,0,0"
12eff019562a4ab1,0,21933ca8584458d5,0,1,0,"1,1,1","0,0,0"
14527b8708b45bbb,0,c79930f1133fd588,0,1,0,"1,1,1","0,0,0"
1656ab3eb192dc0b,0,134496a31f808df6,0,1,0,"1,0,1","0,0,0"
1677a411a8318853,0,bf0ec86383cb2bf0,0,0,0,"0,0,0","0,0,0"
16789568f7139e73,0,482d4acac476ff6e,0,2,0,"2,2,2","0,0,0"
16c64c5358840b54,0,0b041239015ac839,0,1,0,"1,1,1","0,0,0"
16d7616f5cea5b4f,0,461206240d12c64c,0,1,0,"1,1,1","0,0,0"
176a780cd501d77f,0,db8853e79d1885de,0,0,0,"0,2,0","0,0,0"
17a6ca56007359d8,0,5670e21e149e9632,0,1,0,"1,1,1","0,0,0"
1906b21f72f6f3ae,0,73f41266a101903e,0,1,0,"1,1,1","0,0,0"
1a060b1dafe7efa0,0,aa8261c06c50d6ce,0,1,0,"1,2,1","0,0,0"
1ad22a88fa2d8808,0,33aebcee26a0c1e9,0,2,0,"2,2,2","0,0,0"
1aee5179fd7d4369,0,9117667d99778f56,0,0,0,"0,0,1","0,0,0"
1bc81d40cda0f4cc,0,3a8d2388efe4a5da,0,2,0,"2,2,2","0,0,0"
1ca0b45498174a1a,0,586480e0358a0b34,0,2,0,"2,2,2","0,0,0"
1ded7156ee0b23b8,0,e8f9ec2f1e39cdb0,0,0,0,"0,0,0","0,0,0"
1eab898c096ad01c,0,6608e40d9f5d5e36,0,2,0,"2,2,2","0,0,0"
1ef40d4a5859c1b8,0,a19ba7b6b0b2dab9,0,1,0,"1,1,1","0,0,0"
1eff199046a7dc47,0,fe45d8a7a39f40c3,0,1,0,"1,1,0","0,0,0"
1f23de98fb3ed6ae,0,70bc2710e65b3ba9,0,2,0,"2,2,2","0,0,0"
1fc0f134284f8458,0,53298a13a2167cc6,0,2,0,"2,2,2","0,0,0"
20465cbb26e7a328,0,96b966e6f3511411,0,1,0,"1,0,1","0,0,0"
20f76598a6f6dad1,0,18cdb63f46414820,0,1,0,"1,1,1","0,0,0"
21a9f2d24d5fab07,0,ec333f419849f306,0,1,0,"2,1,1","0,0,0"
2235bc9fd6c61434,0,ccfd38a58f44ed16,0,1,0,"1,2,1","0,0,0"
226c45f52b883a30,0,e7d63255fad3e1ca,0,0,0,"0,0,2","0,0,0"
22d0755836e2f50c,0,b7a198501010c9ed,0,2,0,"0,2,2","0,0,0"
23566cb663faab29,0,42827eb48a883e95,0,2,0,"2,2,2","0,0,0"
237c4b9bd95aaebf,0,ad01d702d1f70b2c,0,1,0,"1,1,1","0,0,0"
239169a7fe8aa300,0,437a921157595ae4,0,2,0,"2,2,1","0,0,0"
260883d41d7db78f,0,a4ecf8fcfa3c19a7,0,2,0,"2,1,2","0,0,0"
26a572e25d34f501,0,6eb0a3f906b31a89,0,1,0,"1,1,1","0,0,0"
26f28ac0a960bef9,0,38269a461253b4f0,0,1,0,"1,1,1","0,0,0"
275c792fbe98667c,0,4dd0e4e643e275ad,0,1,0,"1,1,1","0,0,0"
295d2eef4ad4deba,0,8173d647936e2055,0,1,0,"1,1,1","0,0,0"
29f7d7138c84f515,0,5f9fe0c4dc04237e,0,-1,0,"1,2,0","0,0,0"
2a0681ea77d564aa,0,801b44c2871c573e,0,2,0,"2,0,2","0,0,0"
2a3cf81a06aa6bff,0,e892a2dbd578f18b,0,1,0,"1,1,1","0,0,0"
2a3f9090fcee267a,0,4a3b4f37b97b4702,0,1,0,"1,0,1","0,0,0"
2bd58142edd03664,0,489c5c3dbd7ed9b3,0,1,0,"1,1,1,1","0,0,0,0"
2d836f6eba7af759,0,7b50ca1a57db097e,0,2,0,"2,2,2","0,0,0"
2d91f4b1b955e3e1,0,b305072538f3131f,0,1,0,"1,1,1","0,0,0"
2dc96e77c2c8a57c,0,89e844f3459815bf,0,1,0,"1,1,1","0,0,0"
2dd0112f04e1007b,0,edb362258906f52c,0,1,0,"1,1,2","0,0,0"
2e1e80d4f4441d91,0,6839ac1366bacdb9,0,1,0,"1,2,1","0,0,0"
2e2347eefdc3ebbb,0,50fd4b526a023c00,0,1,0,"1,2,1","0,0,0"
2e637e7f3b8b0fa0,0,3297fa3f64ec9c92,0,2,0,"2,2,2","0,0,0"
2f0ec9ceb3d68fa4,0,86910ce48c3330e3,0,2,0,"2,2,1","0,0,0"
2f267327147134ea,0,665095976ab3b6c6,0,1,0,"1,1,0","0,0,0"
2f8ca58010730d51,0,c9d31fe2197557b3,0,0,0,"0,0,0","0,0,0"
30524639bd557e76,0,1b06e8bcdc80e5b2,0,2,0,"2,2,2","0,0,0"
30a2c5dc08716ae6,0,28b5eed17fa5d4bc,0,0,0,"1,0,0","0,0,0"
313e12ceca7bb944,0,d0880ac155e6b6e6,0,1,0,"1,1,1","0,0,0"
31de7299d44bd0ad,0,1a3b27d49bd06b45,0,2,0,"2,2,2","0,0,0"
3269b62dba3256df,0,527ce03b2b0473cb,0,2,0,"2,2,2","0,0,0"
32e1bf014127e982,0,988fc953bf75bc7d,0,1,0,"1,1,1","0,0,0"
33c50ac2eba32587,0,9a79237e01a46084,0,1,0,"1,1,0","0,0,0"
33f3448bfc82949f,0,a80ee18b235fb604,0,1,0,"1,1,1","0,0,0"
344e1e570e48d092,0,39defd276a0f3dd5,0,2,0,"2,1,2","0,0,0"
356b57e33006b134,0,6e7a7715aafa1856,0,2,0,"2,2,2","0,0,0"
358451c25db0375f,0,d4922f2e1a97aa6f,0,0,0,"2,0,0","0,0,0"
358bad71ddf8f76a,0,cfd103974c348b55,0,2,0,"2,2,2","0,0,0"
35aad7b4c5d7c8c0,0,bf8098a2930ea62b,0,1,0,"1,1,1","0,0,0"
3643fccc5b1f278b,0,f016380412fbf0f6,0,1,0,"1,1,1","0,0,0"
3724499941e426e6,0,f1aa071eb19056c2,0,2,0,"2,2,2","0,0,0"
378ad2dcb5a28b05,0,449e9792adec2486,0,1,0,"1,1,1","0,0,0"
37aaa7c0d550e896,0,306131d822cd13e7,0,2,0,"0,2,2","0,0,0"
37e32c6a85c18bca,0,e7fc57f5d5ef1075,0,2,0,"2,2,2","0,0,0"
386be188035b872a,0,67d9067e0a8ddc5f,0,2,0,"2,2,2","0,0,0"
388ce76f59e01057,0,cec4cefb68606a2c,0,2,0,"2,2,2","0,0,0"
38c1728484db0bbd,0,8578e0bdac1efaf8,0,1,0,"1,1,1","0,0,0"
3935964ae75bf229,0,42c6c123e2f15b0a,0,1,0,"1,1,0","0,0,0"
394a61171ed36f6e,0,9f727f9a1125bb5f,0,1,0,"1,1,2","0,0,0"
396e854a67297383,0,46ac9e8d554cecf7,0,2,0,"2,2,2","0,0,0"
39d748898678f3a6,0,4cbd4ebe1a594110,0,1,0,"1,1,1","0,0,0"
39df9760b92d2205,0,269b79132bdccf4a,0,2,0,"2,2,2","0,0,0"
39e3572ff5092d57,0,be632ae10217ac3d,0,2,0,"2,2,2","0,0,0"
39e67fa9124e83d8,0,49ddf77ab032453c,0,1,0,"1,1,1","0,0,0"
3a80c0f12d3aa4ef,0,658bd2c623f43d13,0,1,0,"1,1,0","0,0,0"
3cda40b5b8712e65,0,04991d0e22f98505,0,1,0,"1,0,1","0,0,0"
3d86b3057c4afe2e,0,236c2c0bc6bb0bc5,0,1,0,"1,1,1","0,0,0"
3da2484ae5a0e131,0,10cabc7395d46713,0,1,0,"1,1,1","0,0,0"
3dc5d7b8b512ffb7,0,f2d34e4f840b255b,0,2,0,"2,2,2","0,0,0"
3e3088a584ef0305,0,0647e8855901c6f2,0,2,0,"2,2,2","0,0,0"
3e7742c7485b014b,0,18d063a5fbe4d7cd,0,2,0,"2,1,2","0,0,0"
3ecc9949e75e7c2c,0,3367bbf259522367,0,0,0,"0,0,0","0,0,0"
3f1d56dd84ca589e,0,004e97b29e423be6,0,-1,0,"1,0,2","0,0,0"
3f68899c509ce8b8,0,b738fdd4e7a40560,0,1,0,"1,1,1","0,0,0"
4054ecaefb849eb2,0,b4fc5d081cdc738a,0,1,0,"1,1,1","0,0,0"
4144a4ced6a60acc,0,06279111df173382,0,2,0,"2,2,2","0,0,0"
4192d56a1f540697,0,67d8e51306a6dcca,0,2,0,"0,2,2","0,0,0"
421bc6bcf8f93f9e,0,eba62f8be09d2cd7,0,1,0,"1,2,1","0,0,0"
426831c4297fc553,0,6850fc0cfb195bf7,0,2,0,"2,2,1","0,0,0"
42ad526b91eeecda,0,d1e446a080e8deac,0,1,0,"1,1,1","0,0,0"
433879fa7270dc54,0,c078b716514f32fd,0,2,0,"2,1,2","0,0,0"
43667f5adf8c00ea,0,d22f03512bb25bb4,0,2,0,"2,2,1","0,0,0"
43db6af0404a5d74,0,7d068f2a524329a3,0,1,0,"1,1,1","0,0,0"
4407ee9dd1852c38,0,fa495009ee5b6a49,0,1,0,"2,1,1","0,0,0"
4442e360f2310ac2,0,43d22deb2f22a3ac,0,2,0,"2,2,2","0,0,0"
44942ed2d4e4fe3c,0,144eaefb5b46a76e,0,1,0,"2,1,1","0,0,0"
45407d4a03a485cc,0,36ad7d5b3bd8b131,0,1,0,"1,1,1","0,0,0"
457ee358bbb25d0e,0,b12075e1cf17dd82,0,1,0,"0,1,1","0,0,0"
466be8a161479a10,0,c8cd5bb014e7bb53,0,2,0,"2,2,2","0,0,0"
46b712bf22d7025f,0,55f04812d9bd8b8e,0,-1,0,"1,2,0","0,0,0"
46d6223c3c0d19e3,0,8d3d74f0015abf34,0,1,0,"1,1,2","0,0,0"
46eeda53254aa1ea,0,32a98cbb4ab3e78d,0,2,0,"2,2,2","0,0,0"
472bcca19dbd666d,0,6b0ff20bea33a627,0,1,0,"1,1,1","0,0,0"
47419379ba869029,0,6085b0c671f82e11,0,2,0,"2,2,2","0,0,0"
482d08a11243a4f2,0,eb0003f831bcdc64,0,2,0,"2,2,2","0,0,0"
484c890bf59a5f27,0,9cb50e59d3c48dc6,0,1,0,"1,1,1","0,0,0"
48c1fe11a74e76c3,0,11aeee762415e96a,0,1,0,"1,1,2","0,0,0"
49157011e8eb4887,0,78526a4e931e2e09,0,0,0,"0,0,0","0,0,0"
4a4df80a6aada69a,0,f5345f74908ad590,0,0,0,"0,0,2","0,0,0"
4a8d102b0572a97a,0,b2dea8cf76992b65,0,2,0,"0,2,2","0,0,0"
4ae509d8db5b78d9,0,3f4f6193b15e6fec,0,2,0,"2,2,0","0,0,0"
4b47d9ad06c7478c,0,17424bbdf2432a77,0,1,0,"1,1,1","0,0,0"
4b6621cfa739a291,0,371f6abaaa77ad8f,0,2,0,"2,2,1","0,0,0"
4c5d41e8e2a569d3,0,1bc3af90a812e2fe,0,2,0,"2,2,1","0,0,0"
4c83efa851c3d12d,0,1b45836d18a43320,0,1,0,"1,1,1","0,0,0"
4c86c3171ad96568,0,46b4e186535a577d,0,0,0,"0,0,1","0,0,0"
4c8a408265ab492d,0,bf9918e39737378a,0,1,0,"1,1,1","0,0,0"
4ceebdbc0d56895f,0,a49ad713409d1331,0,1,0,"1,1,1","0,0,0"
4d2c8befdd9d6721,0,c96b638724777292,0,2,0,"2,2,2","0,0,0"
4e41fec6c2c97d35,0,9c23fb3e7acb15d4,0,1,0,"1,1,1","0,0,0"
4f7bd8eee901e552,0,38607103ed969efa,0,2,0,"2,2,2","0,0,0"
4fef3dc05581229e,0,9187207110fe1d57,0,1,0,"1,1,1","0,0,0"
500f19f22a139edc,0,cf5a71a5e386a9b5,0,1,0,"1,1,1","0,0,0"
505b201094aad0de,0,3db669abcd975f89,0,1,0,"1,1,1","0,0,0"
51c887778645303c,0,405539c53c12338f,0,2,0,"2,2,2","0,0,0"
522d04893b9fc029,0,80777d4d78836a6d,0,1,0,"2,1,1","0,0,0"
52aff02151b87cfd,0,555fc8296570656e,0,2,0,"2,2,2","0,0,0"
52df99878e8538b6,0,7d2e5645c96ff6c0,0,2,0,"2,2,2","0,0,0"
553b6d28e1429f65,0,792938504ad3e7b2,0,1,0,"1,1,0","0,0,0"
555c96996c26d74d,0,e7113588fdf49ae2,0,1,0,"1,1,2","0,0,0"
55962c3de4b0a087,0,ca4f51fc25be2511,0,2,0,"2,2,2","0,0,0"
55ad60406be3e1a6,0,da5eee5a2abb34d9,0,1,0,"1,1,1","0,0,0"
56f70c5b84724f46,0,c4395c454bdbfed5,0,1,0,"1,1,0","0,0,0"
57563859d808f62f,0,215682adaccfb9b9,0,-1,0,"0,1,2","0,0,0"
57dfa188193656c9,0,e1d8447a8cfde7f5,0,2,0,"2,2,2","0,0,0"
58c310c907c9708d,0,43300514dea9406b,0,1,0,"1,1,1","0,0,0"
59115ad88e974bed,0,96d20f2734034fd1,0,1,0,"1,1,0","0,0,0"
5942dd752095e18e,0,62b19ac872e2ac62,0,2,0,"2,2,2","0,0,0"
5991e705a6dbc9c4,0,e654d4bdfdc3d0c8,0,2,0,"2,2,2","0,0,0"
59bb92b99367e9da,0,4f2e3f76ed42f77d,0,2,0,"2,2,2","0,0,0"
59fec7ddd4200f71,0,a4dbd591db1121b0,0,1,0,"1,1,1","0,0,0"
5a1d5896b6e6e6f1,0,27a48a5be8f5d5d1,0,2,0,"2,2,2","0,0,0"
5a3810be41c0ada9,0,f1c84321942810b8,0,1,0,"1,1,1","0,0,0"
5a50cd1854fc38ba,0,c264776c9530afcf,0,2,0,"2,2,2","0,0,0"
5c5b6eae5930e1f7,0,362577eaceb4f40e,0,1,0,"1,1,1","0,0,0"
5d429805408737a2,0,5c30d5d995cd2f32,0,2,0,"1,2,2","0,0,0"
5e1d653a2c75e900,0,4d237d59b8fadfdd,0,2,0,"2,2,2","0,0,0"
5e9f06bdefaa52f8,0,c8b77d5fa6365acf,0,2,0,"2,2,2","0,0,0"
5ef7d9d7ea77e870,0,b70355ca36635653,0,1,0,"1,1,1","0,0,0"
5f2ad1a4de007756,0,c9f52d0b4e02f40b,0,2,0,"2,2,2","0,0,0"
5f8af81aacee23a4,0,6a8fae9f8be11c85,0,2,0,"2,2,1","0,0,0"
601658f7cd715fcf,0,c2b9a76e9fcb7087,0,0,0,"0,1,0","0,0,0"
62d1c06ee80f6786,0,b77f035789a6d326,0,1,0,"1,1,1","0,0,0"
62e3cc424c1f71de,0,69354624d2db9024,0,2,0,"2,0,2","0,0,0"
634eeb22f4b4d6c2,0,12ecf1f6f04eb7db,0,1,0,"1,1,2","0,0,0"
644e74d3853383e0,0,dfed77231c8ead46,0,2,0,"2,2,2","0,0,0"
6488f8395ab9c2c3,0,d57dab59643a8f79,0,1,0,"1,2,1","0,0,0"
64dfbde5888f0c19,0,07d0883beda429d7,0,2,0,"2,2,2","0,0,0"
656f1e533423e16e,0,023ba13a10a0d46d,0,1,0,"1,1,1","0,0,0"
659bb19178724f42,0,0bd71140c1c75b98,0,2,0,"2,2,1","0,0,0"
65b692be43a2b295,0,5a2e410f2133f505,0,2,0,"2,2,2","0,0,0"
66b41859cab2f7fc,0,24848f22598ca75b,0,1,0,"1,1,1","0,0,0"
66dfa9d4bb5ece49,0,d3613aed06a4bc3c,0,1,0,"1,1,0","0,0,0"
6812e3974c3d3004,0,41aa9dbdc8f7b4c8,0,1,0,"2,1,1","0,0,0"
68381ee48a41be8e,0,6dd953ef24806867,0,2,0,"2,2,2","0,0,0"
6858af1747ce1617,0,f52f99086bc51e39,0,2,0,"2,1,2","0,0,0"
68a4ca3357c40a17,0,5070862ed71f203e,0,2,0,"2,2,2","0,0,0"
68c1354a7eb63d55,0,5184a062d9ecd744,0,1,0,"1,1,1","0,0,0"
68e78cec43afc988,0,5040925b72ff5f9e,0,1,0,"2,1,1","0,0,0"
69668fecc04a166a,0,c48780ea9730166a,0,0,0,"0,1,0","0,0,0"
69b41fd2b43c034b,0,7b376a43251d9493,0,2,0,"2,2,2","0,0,0"
6a235e1f6981d4f1,0,391f6e26fa651141,0,2,0,"2,1,2","0,0,0"
6b06ee6445fa031b,0,74184bb0451e65ba,0,2,0,"2,2,2","0,0,0"
6b25fd490a60bfa3,0,c7e0bdbe600c1f2d,0,1,0,"2,1,1","0,0,0"
6bdbafe797cbc501,0,328d777f7cb5718e,0,2,0,"2,2,2","0,0,0"
6da0febdb652c633,0,e834de1283b2e933,0,0,0,"0,0,0","0,0,0"
6db2369622e7aca9,0,e93b4e46d6ace331,0,1,0,"1,1,1","0,0,0"
6de8de31839af088,0,a5729f03f5231a02,0,1,0,"1,1,2","0,0,0"
6e6190ce8d0c996e,0,28b566f9a4ea5a54,0,2,0,"2,2,2","0,0,0"
6ef9f25d5a7ec20d,0,7b7ffb8fcfc7db39,0,1,0,"2,1,1","0,0,0"
6f3edb53cf349774,0,9314b1ec975ddeba,0,1,0,"1,1,0","0,0,0"
6f903a7923d93f54,0,a2d41f2165a7fc48,0,2,0,"2,2,2","0,0,0"
70b5243e90e56945,0,332a73d956c2f5c6,0,1,0,"1,1,1","0,0,0"
70bfd72dd4ab8249,0,a48a29aa71f749b5,0,1,0,"1,1,1","0,0,0"
717b787eee94c8e8,0,0e6c9bc6b7249497,0,2,0,"2,2,2","0,0,0"
719b1512d2aaff19,0,7ec513b18cad342f,0,2,0,"2,2,2","0,0,0"
71aeb81b21d08d50,0,773ec34e348458f7,0,2,0,"2,1,2","0,0,0"
725a6107f4a5dae5,0,f6bf50d065dfbff6,0,1,0,"1,1,1","0,0,0"
73fec100ec3d6ac9,0,7fb44472c6988220,0,2,0,"2,2,2","0,0,0"
74688dcae413a4f5,0,889a4e6d407fd18c,0,1,0,"1,1,2","0,0,0"
75940264df741112,0,67a22875796e4648,0,1,0,"1,1,1","0,0,0"
7618785ca05a6372,0,a58695d0eae76596,0,2,0,"2,2,2","0,0,0"
76e9f6ae034fe357,0,e3445efe9ad6eb5c,0,1,0,"1,1,1","0,0,0"
76f52d8c9419cf9f,0,9d8d8698536a851a,0,2,0,"2,2,2","0,0,0"
77306a0a4a1eb25c,0,997927b885d0331f,0,2,0,"2,2,2","0,0,0"
7755340a976bcf08,0,d368274343ef7e06,0,-1,0,"1,0,2","0,0,0"
787a264503beef54,0,35d1264fc07e13c8,0,2,0,"2,2,2","0,0,0"
7958e7cb4d6c92f1,0,90ff573ec449204d,0,1,0,"1,1,1","0,0,0"
7aa3627ab4b814a4,0,5b1db427be3734cb,0,1,0,"1,1,1","0,0,0"
7b236c6257603baa,0,3833ef75a8470469,0,0,0,"0,0,0","0,0,0"
7b2a85e0e2b27bba,0,7eb5e8551be47775,0,2,0,"2,2,2","0,0,0"
7b8ba685349b19e2,0,0477e0d4209ad550,0,2,0,"2,2,2","0,0,0"
7bdc51e5d5288a08,0,34a500b056ce601a,0,2,0,"2,2,2","0,0,0"
7c3e09ef8c172ec6,0,d62b65f8229bbc13,0,1,0,"2,1,1","0,0,0"
7c58b00fd5a0b199,0,bd6dcfc8e9adcc86,0,2,0,"2,1,2","0,0,0"
7cadf143faf5a788,0,1e4293b95962c2b5,0,1,0,"1,1,1","0,0,0"
7cc02a7d89bc3d67,0,4a8c0deea83edeff,0,1,0,"0,1,1","0,0,0"
7cdc56724b1f1736,0,49ca9426f8557e9a,0,2,0,"2,0,2","0,0,0"
7e2925095e1bec06,0,e8b844752f4e480a,0,0,0,"0,0,1","0,0,0"
7eb3b43935db8308,0,dc2c5e48763e475d,0,1,0,"1,1,0","0,0,0"
7ee4a33ee1924668,0,4d332e3b104e99a6,0,2,0,"2,2,2","0,0,0"
804268fa6d1c4143,0,a9133e349bb5feb4,0,2,0,"1,2,2","0,0,0"
819e9515d9c0dfab,0,423e190960831732,0,2,0,"2,2,2","0,0,0"
81a35488bcece8cf,0,76acb95cc39edabc,0,2,0,"2,2,2","0,0,0"
830d849d3e383dcc,0,88fc5dce2cdaa32a,0,1,0,"1,1,1","0,0,0"
833e2ca8d6d4243a,0,4c410d2518652f5b,0,2,0,"2,2,2","0,0,0"
83fc38127a92af8a,0,24c7f52b2e11f41a,0,2,0,"2,1,2","0,0,0"
84080a062372a43e,0,6c765a7139fdcbad,0,1,0,"1,1,1","0,0,0"
84a99917455c40fa,0,e3e429207c4f1041,0,2,0,"2,2,2","0,0,0"
850abd6add41575d,0,80e135f1168f425b,0,1,0,"1,1,1","0,0,0"
853d059c9c22ebc2,0,006e452efd8b8271,0,2,0,"2,2,2","0,0,0"
859eaa59bb785f04,0,63f3b537b9e841f4,0,2,0,"2,2,2","0,0,0"
85abc10802e5250a,0,a21e7d372217e608,0,2,0,"2,1,2","0,0,0"
86dac4e2ffd1e588,0,181efe159fc4f51e,0,1,0,"1,1,1","0,0,0"
879dab2f10b7ac74,0,628c242205207d51,0,1,0,"1,1,1","0,0,0"
88182b25ba01fdea,0,6063f084c4daf853,0,2,0,"2,2,1","0,0,0"
88ea5cf770826b2b,0,701ab11a3bf8acec,0,1,0,"1,1,1","0,0,0"
892a419f7472b6e1,0,db99757047dd2c66,0,2,0,"2,2,2","0,0,0"
8953f7e362669666,0,5813fad531f26fef,0,1,0,"1,1,1","0,0,0"
8a1362d360cfd709,0,24eb7573d5e6d3ea,0,2,0,"2,2,2","0,0,0"
8a15ec22f017b522,0,9f0f3c56e999b70e,0,1,0,"1,1,1","0,0,0"
8aa12610436b4806,0,a47ffb3cb9cee53c,0,1,0,"1,0,1","0,0,0"
8c08c3a92dd0e1e9,0,5e7bc3c76e98e265,0,0,0,"1,0,0","0,0,0"
8d980a62e47b865d,0,fc727846b9a19807,0,2,0,"2,2,2","0,0,0"
8dd41cf146e6c326,0,0136558f5c9396fc,0,2,0,"2,2,2","0,0,0"
8e99a31afb1f0c39,0,5b7780a5eceb525b,0,1,0,"1,1,1","0,0,0"
8f4241979d0d5574,0,2f798cfdf8e9c6ee,0,2,0,"2,2,2","0,0,0"
8f7ee1b5f7913877,0,2a056ae939aa73ab,0,2,0,"1,2,2","0,0,0"
8f88751a271d864e,0,3a0a6811669b5413,0,1,0,"1,1,1","0,0,0"
90536d05425c384f,0,2b9027a068570f87,0,2,0,"0,2,2","0,0,0"
9053bfb39595a6e8,0,f9bb27eed70ba130,0,2,0,"1,2,2","0,0,0"
9091246ced94f40a,0,c80d702238321923,0,1,0,"1,0,1","0,0,0"
90b6dc70afef14b7,0,69f1caa6b9c7150d,0,2,0,"2,2,2","0,0,0"
90c21c10b0e19738,0,7efcf7102f15fb97,0,-1,0,"1,0,2","0,0,0"
911f18efc540dc34,0,28e485fe49f5534b,0,2,0,"1,2,2","0,0,0"
91b043fe139d4da2,0,a6ec3c4a4d218781,0,2,0,"2,2,2","0,0,0"
91ba3dbfbb2ea88a,0,464ae4a0ffe5682a,0,1,0,"1,2,1","0,0,0"
9250c411c1e5e0ee,0,6f8c3f008fef2d9a,0,1,0,"1,1,1","0,0,0"
92c18dd6fe999133,0,44433e179137bf56,0,-1,0,"0,2,1","0,0,0"
92f5100253716d38,0,34ba89277d2de409,0,1,0,"1,1,1","0,0,0"
936024f932242317,0,684ab5186f95ae36,0,1,0,"1,1,1","0,0,0"
9362bc4322d2a971,0,d130f681121d5ec3,0,1,0,"1,2,1","0,0,0"
939c816006f61921,0,aea26bb1aeb564f3,0,2,0,"2,0,2","0,0,0"
941db30468362716,0,61cdb30cf29af83a,0,1,0,"1,1,1","0,0,0"
95eba43d851bbcb1,0,f9ac118a5387d099,0,1,0,"1,1,1","0,0,0"
95f0536160246657,0,33f5e98e7bb09c76,0,1,0,"1,1,1","0,0,0"
971c14c7f010f1f4,0,983dc785be792697,0,1,0,"1,1,1","0,0,0"
9732360eb18da1d2,0,406c10958d47385e,0,2,0,"2,2,2","0,0,0"
9afb68c456114285,0,f0cff02b10639e78,0,1,0,"1,1,1","0,0,0"
9bd1d412c0c00ef4,0,eb6de1f86462723c,0,1,0,"1,1,2","0,0,0"
9c0967b0242ef4a2,0,6b11d1de967b42d7,0,1,0,"1,1,1","0,0,0"
9c5c4d35731bde86,0,bf4db37850bad4f7,0,2,0,"2,2,2","0,0,0"
9c8ca199afe3eab2,0,6e44885a4c410b1f,0,1,0,"1,1,1","0,0,0"
9cbc081e99bb26f4,0,f7a708834b9d4307,0,1,0,"1,1,2","0,0,0"
9ce1b025e29d6886,0,1b62e162c651d4d3,0,0,0,"0,0,0","0,0,0"
9d28ee029e0c8c9f,0,009d661e06a26b9e,0,2,0,"2,2,2","0,0,0"
9e3281098c639738,0,55bda4e09e480637,0,1,0,"1,1,1","0,0,0"
9f7d531dc9a9ad76,0,09092306cc851aca,0,2,0,"2,2,2","0,0,0"
9f9b02faa609981e,0,0f8d60e5400c1830,0,2,0,"2,2,2","0,0,0"
a085d9ca70b78729,0,eacef022ee00009e,0,2,0,"2,2,2","0,0,0"
a09b10084568dcf9,0,9eb8793337d910ab,0,-1,0,"0,2,1","0,0,0"
a0c8c0a0095b7b75,0,288d76dff9f9a85d,0,2,0,"0,2,2","0,0,0"
a11dcf909c6a2937,0,6a35a5ba3f63678b,0,2,0,"2,2,2","0,0,0"
a12d704a2f7d7a31,0,923db4841e8217a1,0,0,0,"0,2,0","0,0,0"
a1bad5b547ec0bf2,0,d2329bd6e878900a,0,1,0,"1,1,1","0,0,0"
a1d07964424a7955,0,ccceea9342d11cf3,0,-1,0,"1,2,0","0,0,0"
a21df76791b53247,0,c6edbc1bdbcf438b,0,1,0,"1,1,1","0,0,0"
a21e81b56f79f945,0,43c8dff31e7e4e82,0,-1,0,"0,1,2","0,0,0"
a2ce5b110afbfb3a,0,e63ce04e04d55ad8,0,1,0,"1,1,2","0,0,0"
a30152c8826fb39e,0,1efe00c5beb13f93,0,-1,0,"1,0,2","0,0,0"
a32966d87436ddae,0,ea071e4e77389ce4,0,2,0,"2,2,2","0,0,0"
a4006295fc94dadc,0,7f8389f524ab5f0a,0,-1,0,"0,2,1","0,0,0"
a445d439e7d172d8,0,886c518dd9f251c9,0,1,0,"1,1,1","0,0,0"
a4a294b2f4ef2f73,0,ff4db95e6ea6c7d7,0,1,0,"1,1,0","0,0,0"
a4afa35f6dc77a88,0,4861143b7724eb44,0,2,0,"2,2,0","0,0,0"
a53fda415dcfcfc2,0,d2ac99abd9939e1d,0,2,0,"1,2,2","0,0,0"
a59f657fdabdae0e,0,37e3aa87c1cf0db1,0,1,0,"1,1,1","0,0,0"
a5ac9413c89e0674,0,79f0943af067a39e,0,1,0,"1,1,1","0,0,0"
a5d09b226020408f,0,c1ee089b075f831e,0,2,0,"2,2","0,0"
a63127c2cbc662c1,0,d87b9d792eef5f88,0,1,0,"1,1,1","0,0,0"
a8dc975c25a6c2dd,0,675580b1697de5ec,0,0,0,"0,1,0","0,0,0"
a910786da9096fc2,0,47a2ec80c34658b6,0,1,0,"1,1,1","0,0,0"
a941545eecd4e66a,0,7a6cf663cddb808c,0,2,0,"2,2,2","0,0,0"
a994c6f9606a393f,0,3ff8c643aee26b11,0,2,0,"2,0,2","0,0,0"
aa4def537f108411,0,01cd7a7895feac64,0,2,0,"2,2,2","0,0,0"
ab81bfcaa8526559,0,f3a790099b244664,0,2,0,"0,2,2","0,0,0"
abc5f2e90c554e33,0,e43f0103723b20e4,0,2,0,"2,1,2","0,0,0"
ac7fa5a7a44b30b8,0,0aea1347682f1c1d,0,2,0,"2,2,2","0,0,0"
acfa4bdc00bf4b75,0,64c4a9498ac4dd66,0,1,0,"1,1,1","0,0,0"
ad144455cfeb293a,0,a07a537424e8b9de,0,2,0,"2,2,1","0,0,0"
ade64aa9ae1520ad,0,8dbe04b7baebe1f4,0,2,0,"2,2,2","0,0,0"
ae1ec6252e017ec7,0,a36bff90d0c8a821,0,1,0,"1,1,1","0,0,0"
aeca4ac3291a31d1,0,9d835f767ff70d80,0,1,0,"1,1,1","0,0,0"
aed2ae103bf53a06,0,f1ad893c74ff9ea2,0,2,0,"2,2,2","0,0,0"
af02e477f31a2922,0,488d51f1af0a00e5,0,2,0,"0,2,2","0,0,0"
b072c32e0e236995,0,ac63719c82a85860,0,1,0,"1,1,1","0,0,0"
b0786428df2be71a,0,1bb88b4bf88529dc,0,2,0,"2,2,2","0,0,0"
b146a70608d7172e,0,bcb40d5ff80ebe76,0,1,0,"1,1,1","0,0,0"
b1ac824c7bd16194,0,91247cfcaa3fe02d,0,2,0,"2,2,2","0,0,0"
b1bc2a0660e0595d,0,8575f53a84246dda,0,0,0,"0,0,0","0,0,0"
b25b7388f930dbff,0,1e2b5e3a3c350d6a,0,2,0,"2,2,2","0,0,0"
b32fae3e16e0ef5e,0,0f5d370f26780f80,0,1,0,"1,1,1","0,0,0"
b33dbd5f9005b678,0,0a539140d764c62d,0,2,0,"2,2,2","0,0,0"
b3c94f95e015d94c,0,a700d028a5071dff,0,1,0,"1,1,1","0,0,0"
b3f1f0ad3c9ac913,0,115c9a4c448ed5f0,0,2,0,"0,2,2","0,0,0"
b3fc5da711a6eb02,0,e452ddd4165a6990,0,1,0,"1,1,1","0,0,0"
b46094ca8c69ac13,0,f3013acbbd6a8d83,0,2,0,"2,2,2","0,0,0"
b4b6e0a28c407625,0,273e91cf0b64d5af,0,2,0,"2,2,2","0,0,0"
b4c72281a3083760,0,396b1235bc885fd3,0,1,0,"1,1,1","0,0,0"
b5ae9bb44926ab78,0,feaa3cfd3f48c339,0,1,0,"1,1,1","0,0,0"
b6736fba379eba42,0,a750b535c4aeb2a6,0,2,0,"2,2,2","0,0,0"
b687f74a39abb90c,0,37d155b0455e8c76,0,2,0,"2,2,2","0,0,0"
b68db3ded7ed0eb6,0,860d472a34a9e5a2,0,2,0,"2,2,2","0,0,0"
b7e051a7c504af0c,0,a65ee653a21f6e9e,0,1,0,"1,1,1","0,0,0"
b856044e9fc06c6d,0,a5f1c1d436e89219,0,1,0,"1,1,0","0,0,0"
b916a974a08da830,0,7c060261db7c8002,0,1,0,"1,1,1","0,0,0"
b932d5592ad1cbde,0,9ad66f751477d657,0,2,0,"2,2,2","0,0,0"
b96a9a13ee5349da,0,a02bfd63734155f8,0,1,0,"1,1,1","0,0,0"
b9f700cb2d23b99d,0,87a6672f3659b53d,0,2,0,"2,2,2","0,0,0"
bb02d2c24798b2a3,0,98eaaf80756d682a,0,1,0,"1,1,1","0,0,0"
bb48763693870c36,0,c3d0ce2beae715c8,0,1,0,"1,1,1","0,0,0"
bb601ed35c102677,0,a2ea0c5ef85009df,0,2,0,"1,2,2","0,0,0"
bbc17b135902e501,0,2060b9c4dfbc3a73,0,1,0,"1,2,1","0,0,0"
bc0c2ca55e310714,0,f579e9857e397173,0,1,0,"1,1,1","0,0,0"
bc9c05b50d738b5f,0,e790da1a0c4df7be,0,1,0,"1,1,1","0,0,0"
bd0b859e4b54f768,0,1caf7af5a7326c8d,0,0,0,"0,0,1","0,0,0"
bd14dd31e0bf949b,0,89943acde7d48a00,0,2,0,"0,2,2","0,0,0"
bdabc4253f771e24,0,526701b4f8d0eda4,0,1,0,"2,1,1","0,0,0"
bdc324608819b596,0,6636dab9b0a6f409,0,1,0,"2,1,1","0,0,0"
be1689ff9171aad9,0,4930f13986d2e998,0,2,0,"0,2,2","0,0,0"
be26479cd7b4220f,0,a6757582e016a6a5,0,0,0,"0,0,0","0,0,0"
be6ab505f708e318,0,56471c9506a14c48,0,2,0,"2,2,2","0,0,0"
be7adb02a74d6775,0,626194db6d20ea78,0,0,0,"0,2,0","0,0,0"
bf24cbcc78680fe1,0,ad92b8d9373633fc,0,2,0,"2,2,1","0,0,0"
c077a65036fafd6b,0,c45ee9f6995108bd,0,1,0,"1,1,1","0,0,0"
c13146bc5a9b81a0,0,7be62d97ab379868,0,2,0,"2,2,2","0,0,0"
c15c4b39fa01122e,0,0ec3211203016d26,0,1,0,"1,1,1","0,0,0"
c18fb232b578f87e,0,db57cfbaf3e94a12,0,1,0,"1,1,1","0,0,0"
c19cb4e3b5addac2,0,01d81023157e9043,0,2,0,"1,2,2","0,0,0"
c2c33ad639eddb07,0,4b0ae876e1464bfa,0,0,0,"0,0,0","0,0,0"
c2de49dfd68ccb8f,0,e83d8a51e9b6da54,0,2,0,"0,2,2","0,0,0"
c37609ce7ad098ab,0,f03babfac540736b,0,1,0,"1,1,1","0,0,0"
c47dec6df79e5c29,0,c98817e095ae86b5,0,1,0,"1,0,1","0,0,0"
c4cc4798b9c9ad88,0,1acd995c40b4ca0a,0,2,0,"2,2,2","0,0,0"
c56a7d07a1356c1a,0,17daae5e6c79d339,0,2,0,"2,2,2","0,0,0"
c62798699394afef,0,508d2cdb40e1d7a9,0,1,0,"1,1,1","0,0,0"
c68224d0148a9e11,0,e6b3f3c40095e2d0,0,2,0,"2,2,2","0,0,0"
c6dab6d09e5e4b22,0,c55f45f725d6063e,0,1,0,"1,1,1","0,0,0"
c6eaf2f075f8977e,0,18eeeab1cdaa57bc,0,2,0,"2,2,2","0,0,0"
c72f52b05f4f83d8,0,2e84c8b4a6e477af,0,1,0,"1,1,2","0,0,0"
c76b50fe4b0bec1e,0,2c8f3b3e14ae365b,0,0,0,"0,0,0","0,0,0"
c8a1dfa742d2f04e,0,879c6bc9d126406e,0,1,0,"1,1,1","0,0,0"
c9700688d3fc2f4d,0,6328503e81032b31,0,1,0,"0,1,1","0,0,0"
cab0af64566a54c7,0,ea83019cbfbc5af5,0,2,0,"2,2,2","0,0,0"
cab2faddf8ee0bd8,0,4766e7a1589cd844,0,1,0,"1,2,1","0,0,0"
cb978f024aea41a8,0,33676f1569a27289,0,1,0,"2,1,1","0,0,0"
cc14e1885a0dd5e1,0,00d553a197fa79a2,0,1,0,"1,1,1","0,0,0"
cc725be19a2f9317,0,79db6b0054ffd756,0,0,0,"1,0,0","0,0,0"
cccda5ca2e0bbc3d,0,030d0ea9138fca78,0,2,0,"2,2,0","0,0,0"
ccd902800bdeb90c,0,e6c35f1da3e3004c,0,2,0,"0,2,2","0,0,0"
cdd8491f20ad6ca4,0,e02cb5e887603110,0,2,0,"2,2,2","0,0,0"
ce0336f89286d23e,0,5c7d4adf51bd3078,0,2,0,"2,2,1","0,0,0"
ce32b37f29b5c08c,0,68ab9acc28269626,0,-1,0,"2,1,0","0,0,0"
ce3f1b5f68a71eac,0,4214587598ec9608,0,1,0,"1,1,1","0,0,0"
cf3df7cd50a3a163,0,908ffd385b85d70a,0,2,0,"2,2,2","0,0,0"
cfc1814a52403580,0,2c9406e68f8c5672,0,1,0,"1,1,1","0,0,0"
cff332022f67a3e0,0,1cc8b5e947e724fc,0,2,0,"2,2,2","0,0,0"
d13b60a5aad3fb53,0,2f9799b11c884157,0,2,0,"2,2,2","0,0,0"
d1eda7edcca8e62e,0,76dea98659c94f86,0,1,0,"1,1,1","0,0,0"
d25a0d2a687abfcd,0,b1e532fac0819a7f,0,1,0,"1,1,2","0,0,0"
d28c9f5d2a94ce15,0,ff23451c4bfee2b0,0,2,0,"2,2,2","0,0,0"
d2fbe2fcef099aaf,0,0bc3dfbd58dc6a1e,0,2,0,"2,2,2","0,0,0"
d4945009c58005ad,0,129305b565b5078e,0,2,0,"2,2,2","0,0,0"
d5c35dbe7cd7a63f,0,fdad0cf3cb3e1445,0,0,0,"0,0,0","0,0,0"
d6731bcd2d450791,0,e21a25080a525de3,0,2,0,"2,2,2","0,0,0"
d720f3914884a816,0,50933820caf07678,0,2,0,"0,2,2","0,0,0"
d72dbc0ac1e5fc74,0,38393dd5c8ad8c2a,0,2,0,"2,2,2","0,0,0"
d81147abe09887b7,0,c1179ba0c212e891,0,2,0,"2,2,2","0,0,0"
d8391c743c36c88a,0,99eb10cac9f44aaa,0,2,0,"2,2,2","0,0,0"
d8960ee132292cde,0,dcb7ab6c00df6cc4,0,2,0,"2,2,2","0,0,0"
d8aa3899a6451747,0,9079055cda1512d7,0,1,0,"1,1,1","0,0,0"
d929c0e05ef0ddfa,0,6b03c9e6d65f6142,0,2,0,"2,2,2","0,0,0"
d98f251c26fb39b0,0,6b4b2bd46265731e,0,-1,0,"2,1,0","0,0,0"
da1e2c6e995002ba,0,16c3f64c58597d30,0,2,0,"2,2,2","0,0,0"
da28366d01839cd9,0,e2dcb927f6f07d4f,0,1,0,"2,1,1","0,0,0"
dae84742be93ac98,0,94659c4012bc61a0,0,2,0,"2,2,2","0,0,0"
db5f56af7526a6f4,0,ffc0e9368d56958a,0,2,0,"2,2,2","0,0,0"
dc27b4e47047af80,0,4c26e343a6f52fa5,0,2,0,"2,2,2","0,0,0"
dcbc6e9e1832d28b,0,a9c3af5fb4360fb8,0,1,0,"1,1,1","0,0,0"
dd79b2e5d6beb2f1,0,e16217e1a1160d0a,0,2,0,"2,1,2","0,0,0"
dda788723a27de88,0,50689356e5aee0a4,0,2,0,"0,2,2","0,0,0"
ddc918e967d07463,0,038758e37ef439c7,0,1,0,"1,1,1","0,0,0"
de4b0fa776a4ae35,0,4c73147166215f52,0,2,0,"2,2,2","0,0,0"
df059673d39dfc99,0,dfc2413f0b26b2d2,0,2,0,"2,2,2","0,0,0"
df244538ca695ea6,0,21588010d63e28fb,0,2,0,"2,2,2","0,0,0"
dfe398f8403cf0dd,0,f43eaf3825d5b1ae,0,2,0,"1,2,2","0,0,0"
e06a7d8eb751e1ed,0,e5db85210c288e65,0,2,0,"2,2,1","0,0,0"
e0f94d7b55079602,0,83be32357fd57034,0,1,0,"1,1,1","0,0,0"
e27406ed315dae3e,0,1045892031d197c3,0,2,0,"2,2,0","0,0,0"
e290698caac355a5,0,038b7449ea4d36c5,0,2,0,"2,2,2","0,0,0"
e29f71f348596eb1,0,33fb8a92b2c29f16,0,2,0,"2,2,2","0,0,0"
e2cb1df4a6afbf2e,0,9c05f13a9ed4f2eb,0,0,0,"2,0,0","0,0,0"
e2f94848b30d8f8c,0,b7937ce2b9a4af7f,0,2,0,"2,2,2","0,0,0"
e3d456a88e982c27,0,066d106cbd2e610c,0,1,0,"1,1,1","0,0,0"
e4b85973253b76fa,0,1c2d8bb5277d1842,0,0,0,"1,0,0","0,0,0"
e4e3bcf3cddec8e2,0,29a2385250b65b76,0,2,0,"2,2,2","0,0,0"
e56a9f65df16ff2a,0,85219487df3e4164,0,2,0,"2,2,0","0,0,0"
e5f8380a23e0693f,0,0d21b9e73f10438c,0,1,0,"1,1,2","0,0,0"
e65aa6f400e30678,0,0db3fa78685cb8ed,0,1,0,"1,1,1","0,0,0"
e677efbbac5b5b27,0,02f016de8624dae7,0,1,0,"1,1,1","0,0,0"
e685398cf6947529,0,55a7845aabe11fcb,0,1,0,"1,1,1","0,0,0"
e7393f8b5e903195,0,3062b1ae6c49def4,0,2,0,"2,2,2","0,0,0"
e79fae265aedcc9a,0,b2762dc3c1fb63b3,0,2,0,"2,2,2","0,0,0"
e7af80fbd66cf598,0,1e197ebeb52ecfc6,0,2,0,"2,2,2","0,0,0"
e87a4854d214c4e7,0,8abfe1279224bc74,0,-1,0,"0,2,1","0,0,0"
e88abd274b3fac9f,0,571c73891600861d,0,1,0,"1,0,1","0,0,0"
e88cf8df9e13b186,0,9d3acf9a40e1acc6,0,2,0,"2,2,2","0,0,0"
e896e0ac4e817b27,0,75d02190c37a7441,0,1,0,"1,1,1","0,0,0"
e8d7bb5d880532af,0,95ad71c5015d3b91,0,2,0,"2,2,2","0,0,0"
e8e52e34ca856c06,0,12302644fccb556b,0,2,0,"2,2,2","0,0,0"
e93b3fde6ea18cae,0,75ce55afc5162bf5,0,1,0,"1,1,1","0,0,0"
e9e8bd2cebc2078c,0,d358236bd73abed4,0,2,0,"1,2,2","0,0,0"
eac2deb81ab71ec5,0,02e0880f51814b02,0,1,0,"1,1,1","0,0,0"
eb5fd6cb7306b150,0,870569969e9f7124,0,1,0,"1,1,2","0,0,0"
ebd0c900e786d527,0,00f7a28203ccfda4,0,-1,0,"2,0,1","0,0,0"
ec3983879bd42d5d,0,f7b1b7d9d845cea2,0,0,0,"0,0,0","0,0,0"
ec3b0417b80719cd,0,0dc64a1e5a4abcf6,0,2,0,"2,2,2","0,0,0"
ecde31b536726a19,0,6dbb822d882782a4,0,2,0,"2,2,2","0,0,0"
edaba112213cc933,0,a729b1abd4944c00,0,0,0,"0,0,0","0,0,0"
edad4e15b5520f60,0,3fa7f13bee9c4bc8,0,1,0,"1,2,1","0,0,0"
eeddf7127c4d4333,0,3e4e7ff3cc1d4ec7,0,1,0,"1,1,1","0,0,0"
ef658d7acf4b04f5,0,7b4a6de881449847,0,2,0,"2,2,2","0,0,0"
ef93cddec61ee09e,0,791be3a0131dfb2f,0,2,0,"2,2,2","0,0,0"
efa12ea91033917e,0,3b63ed93285ab154,0,1,0,"0,1,1","0,0,0"
efa97c72acf830b2,0,c7ba67c1d1529ac6,0,0,0,"0,0,1","0,0,0"
f086b662a90bb57e,0,cc22dcdd4d89dbf0,0,1,0,"1,1,1","0,0,0"
f213d9bc2c7fc46d,0,559a704457b8ba2e,0,1,0,"1,1,1","0,0,0"
f2819e80d462f0f6,0,b1aebd77d57a2ace,0,1,0,"1,1,1","0,0,0"
f3118735f57d5008,0,00a3cd901721e453,0,2,0,"2,2,2","0,0,0"
f312155ee4682c1a,0,352aabfa7113e488,0,1,0,"1,1,1","0,0,0"
f49df8d158df9b71,0,635d391ad60c2c6b,0,2,0,"2,2,2","0,0,0"
f4c2d4231b738768,0,d2c138eec00bd094,0,2,0,"2,2,2","0,0,0"
f672d349b242eb2d,0,fd6cd9a5066aef5f,0,2,0,"2,2,2","0,0,0"
f6c4425d0c33c3c3,0,56384a9a983ea7e3,0,2,0,"2,2,2","0,0,0"
f7472276f925d5e8,0,72724345b1824b0d,0,1,0,"1,1,1","0,0,0"
f74d4b60d209ec93,0,429711cb4cf9c2a5,0,2,0,"2,2,2","0,0,0"
f866b3ce0cacff38,0,33654e6f125215f5,0,1,0,"2,1,1","0,0,0"
f9b5b3d879bfaaca,0,355b9ae568a4f975,0,1,0,"1,0,1","0,0,0"
fa2f40b96d2969a0,0,bf5571e297ca666a,0,0,0,"0,0,0","0,0,0"
fa491ad3f99f8c70,0,0d6f9cd514ed1e91,0,2,0,"2,2,2","0,0,0"
fbac26a3574e9380,0,365f9edbb311e35b,0,0,0,"0,2,0","0,0,0"
fbb256bcca776f78,0,50fff1dcf895c482,0,2,0,"2,2,2","0,0,0"
fbb35d0384a5d35e,0,50fa0fa54eecca3c,0,2,0,"2,1,2","0,0,0"
fc0cb336e0ff5dba,0,4ba09ba2ccb1a56b,0,2,0,"2,2,2","0,0,0"
fc16db189d8f3e6a,0,a4874b86c98b81d6,0,1,0,"1,1,1","0,0,0"
fcf016b7e93b2acd,0,eaedb220722bc21c,0,1,0,"1,1,2","0,0,0"
fd29976254f0ae1a,0,56bc931f377fcbd2,0,1,0,"2,1,1","0,0,0"
ffb14f1e73c07038,0,1b566383599467c7,0,1,0,"1,1,1","0,0,0"
